{
  "aufc": 5.413010156154633,
  "normalized_aufc": 0.7732871651649476,
  "avg_image_score": 0.7732871651649476
}