{
  "aufc": 5.6489462614059445,
  "normalized_aufc": 0.806992323057992,
  "avg_image_score": 0.8035085459550222
}