{
  "aufc": 5.444215643405915,
  "normalized_aufc": 0.7777450919151305,
  "avg_image_score": 0.7777450919151306
}