{
  "aufc": 5.421603393554687,
  "normalized_aufc": 0.7745147705078124,
  "avg_image_score": 0.7745147705078125
}